,Model,Accuracy,Precision,Recall,F1 Score,AUC,MCC
0,Logistic Regression,0.851077943615257,0.7393736017897091,0.6000907852927826,0.6624906038586821,0.9037746884712363,0.5733679846945859
1,Decision Tree,0.8135986733001659,0.6179826563213144,0.6146164321379937,0.6162949476558944,0.7463410886512679,0.49319773348308205
2,KNN,0.8220011055831952,0.6548302872062663,0.5692237857467091,0.6090335114133074,0.8441679472187418,0.4965657595718532
3,Naive Bayes,0.8121614151464898,0.5927835051546392,0.7308216068996822,0.6546045944297622,0.8842987751681393,0.5329796376044298
4,Random Forest,0.8541735765616363,0.7376344086021506,0.6227871084884249,0.6753630322421855,0.9027085384748786,0.5856595810430935
5,XGBoost,0.8759535655058043,0.7974683544303798,0.657739446209714,0.7208955223880597,0.9296058044735308,0.6470176266338713
